-- phpMyAdmin SQL Dump
-- version 5.0.2
-- https://www.phpmyadmin.net/
--
-- Host: 127.0.0.1
-- Generation Time: Sep 21, 2020 at 06:02 PM
-- Server version: 10.4.13-MariaDB
-- PHP Version: 7.2.32

SET SQL_MODE = "NO_AUTO_VALUE_ON_ZERO";
START TRANSACTION;
SET time_zone = "+00:00";


/*!40101 SET @OLD_CHARACTER_SET_CLIENT=@@CHARACTER_SET_CLIENT */;
/*!40101 SET @OLD_CHARACTER_SET_RESULTS=@@CHARACTER_SET_RESULTS */;
/*!40101 SET @OLD_COLLATION_CONNECTION=@@COLLATION_CONNECTION */;
/*!40101 SET NAMES utf8mb4 */;

--
-- Database: `javapos`
--

-- --------------------------------------------------------

--
-- Table structure for table `brand`
--

CREATE TABLE `brand` (
  `id` int(11) NOT NULL,
  `brand` varchar(255) NOT NULL,
  `status` varchar(255) NOT NULL
) ENGINE=InnoDB DEFAULT CHARSET=latin1;

--
-- Dumping data for table `brand`
--

INSERT INTO `brand` (`id`, `brand`, `status`) VALUES
(1, '7up', 'Active'),
(2, 'Cocacola', 'Active'),
(3, 'Samsung', 'Active'),
(4, 'Apple', 'Active');

-- --------------------------------------------------------

--
-- Table structure for table `cashier`
--

CREATE TABLE `cashier` (
  `id` int(11) NOT NULL,
  `name` varchar(255) NOT NULL,
  `username` varchar(255) NOT NULL,
  `password` varchar(255) NOT NULL,
  `status` varchar(255) NOT NULL
) ENGINE=InnoDB DEFAULT CHARSET=latin1;

--
-- Dumping data for table `cashier`
--

INSERT INTO `cashier` (`id`, `name`, `username`, `password`, `status`) VALUES
(1, 'Anannya Ahmed', 'anannya', '12345', 'Active');

-- --------------------------------------------------------

--
-- Table structure for table `category`
--

CREATE TABLE `category` (
  `id` int(11) NOT NULL,
  `name` varchar(255) NOT NULL,
  `status` varchar(11) NOT NULL
) ENGINE=InnoDB DEFAULT CHARSET=latin1;

--
-- Dumping data for table `category`
--

INSERT INTO `category` (`id`, `name`, `status`) VALUES
(2, 'Snacks', 'Active'),
(3, 'Electronics', 'Active'),
(4, 'Groceries', 'Active');

-- --------------------------------------------------------

--
-- Table structure for table `product`
--

CREATE TABLE `product` (
  `id` int(11) NOT NULL,
  `productname` varchar(255) NOT NULL,
  `description` varchar(255) NOT NULL,
  `category` int(11) NOT NULL,
  `brand` int(11) NOT NULL,
  `costprice` int(11) NOT NULL,
  `retailprice` int(11) NOT NULL,
  `qty` int(11) NOT NULL,
  `barcode` int(11) NOT NULL,
  `status` varchar(11) NOT NULL
) ENGINE=InnoDB DEFAULT CHARSET=latin1;

--
-- Dumping data for table `product`
--

INSERT INTO `product` (`id`, `productname`, `description`, `category`, `brand`, `costprice`, `retailprice`, `qty`, `barcode`, `status`) VALUES
(1, '7up 1 litr', '7up', 2, 1, 50, 40, 98, 1000, 'Active'),
(2, '7up 2 litr', '', 2, 1, 90, 80, 100, 1001, 'Active'),
(3, 'Cocacola 1 litr', 'Cocacola', 2, 2, 50, 40, 98, 1002, 'Active'),
(4, 'Samsung A70', '', 3, 3, 20000, 15000, 5, 1003, 'Active'),
(5, 'iPhone 6s', '', 3, 4, 30000, 25000, 5, 1004, 'Active');

-- --------------------------------------------------------

--
-- Table structure for table `products`
--

CREATE TABLE `products` (
  `id` int(11) NOT NULL,
  `productname` varchar(255) NOT NULL,
  `description` varchar(255) NOT NULL,
  `category` int(11) NOT NULL
) ENGINE=InnoDB DEFAULT CHARSET=latin1;

-- --------------------------------------------------------

--
-- Table structure for table `sales`
--

CREATE TABLE `sales` (
  `id` int(11) NOT NULL,
  `date` varchar(255) NOT NULL,
  `subtotal` int(11) NOT NULL,
  `cashier` varchar(255) NOT NULL,
  `pay` int(11) NOT NULL,
  `balance` int(11) NOT NULL
) ENGINE=InnoDB DEFAULT CHARSET=latin1;

--
-- Dumping data for table `sales`
--

INSERT INTO `sales` (`id`, `date`, `subtotal`, `cashier`, `pay`, `balance`) VALUES
(1, '2020/09/21', 200, '', 500, 300);

-- --------------------------------------------------------

--
-- Table structure for table `sales_product`
--

CREATE TABLE `sales_product` (
  `id` int(11) NOT NULL,
  `sales_id` int(11) NOT NULL,
  `product_id` int(11) NOT NULL,
  `sell_price` int(11) NOT NULL,
  `qty` int(11) NOT NULL,
  `total` int(11) NOT NULL
) ENGINE=InnoDB DEFAULT CHARSET=latin1;

--
-- Dumping data for table `sales_product`
--

INSERT INTO `sales_product` (`id`, `sales_id`, `product_id`, `sell_price`, `qty`, `total`) VALUES
(1, 1, 1000, 50, 2, 100),
(2, 1, 1002, 50, 2, 100);

--
-- Indexes for dumped tables
--

--
-- Indexes for table `brand`
--
ALTER TABLE `brand`
  ADD PRIMARY KEY (`id`);

--
-- Indexes for table `cashier`
--
ALTER TABLE `cashier`
  ADD PRIMARY KEY (`id`);

--
-- Indexes for table `category`
--
ALTER TABLE `category`
  ADD PRIMARY KEY (`id`);

--
-- Indexes for table `product`
--
ALTER TABLE `product`
  ADD PRIMARY KEY (`id`);

--
-- Indexes for table `products`
--
ALTER TABLE `products`
  ADD PRIMARY KEY (`id`);

--
-- Indexes for table `sales`
--
ALTER TABLE `sales`
  ADD PRIMARY KEY (`id`);

--
-- Indexes for table `sales_product`
--
ALTER TABLE `sales_product`
  ADD PRIMARY KEY (`id`);

--
-- AUTO_INCREMENT for dumped tables
--

--
-- AUTO_INCREMENT for table `brand`
--
ALTER TABLE `brand`
  MODIFY `id` int(11) NOT NULL AUTO_INCREMENT, AUTO_INCREMENT=6;

--
-- AUTO_INCREMENT for table `cashier`
--
ALTER TABLE `cashier`
  MODIFY `id` int(11) NOT NULL AUTO_INCREMENT, AUTO_INCREMENT=3;

--
-- AUTO_INCREMENT for table `category`
--
ALTER TABLE `category`
  MODIFY `id` int(11) NOT NULL AUTO_INCREMENT, AUTO_INCREMENT=6;

--
-- AUTO_INCREMENT for table `product`
--
ALTER TABLE `product`
  MODIFY `id` int(11) NOT NULL AUTO_INCREMENT, AUTO_INCREMENT=6;

--
-- AUTO_INCREMENT for table `products`
--
ALTER TABLE `products`
  MODIFY `id` int(11) NOT NULL AUTO_INCREMENT;

--
-- AUTO_INCREMENT for table `sales`
--
ALTER TABLE `sales`
  MODIFY `id` int(11) NOT NULL AUTO_INCREMENT, AUTO_INCREMENT=2;

--
-- AUTO_INCREMENT for table `sales_product`
--
ALTER TABLE `sales_product`
  MODIFY `id` int(11) NOT NULL AUTO_INCREMENT, AUTO_INCREMENT=3;
COMMIT;

/*!40101 SET CHARACTER_SET_CLIENT=@OLD_CHARACTER_SET_CLIENT */;
/*!40101 SET CHARACTER_SET_RESULTS=@OLD_CHARACTER_SET_RESULTS */;
/*!40101 SET COLLATION_CONNECTION=@OLD_COLLATION_CONNECTION */;
